height,best_logP
3,30.7215674755
5,32.045459417
6,32.1385558668
7,32.3243821977
8,34.0152794368
9,34.3714405216
10,34.5984328839
11,34.6387548285
12,34.5357076667
13,34.2594302683
14,33.8198145967
15,33.2446589761
16,32.6606305226
17,31.6398347423
19,30.741651862
21,30.2820604931
26,26.5979070943
31,25.3910818917
41,17.9547891412
51,15.8730333469
71,12.5821871639
91,10.8092024523
111,9.76406860847
131,7.50216508456
151,6.50282897387
171,4.89843379849
191,3.13224594892
