height,best_logP
5,10.3596635388
10,4.87134771906
15,3.97445585774
20,0.442398766927
25,2.06929799353
35,0.951248032286
45,0.0875047686986
55,2.78106313474e-08
75,-0.0
95,-0.0
