height,best_logP
11,4.62577536534
16,5.29214003692
18,5.43872042206
19,6.24528496182
20,6.1828967349
21,6.31338955304
22,6.76930054825
23,6.48977573265
24,6.16990617994
25,6.48723371796
26,5.93178788666
28,5.6548798316
30,5.37031456651
31,4.4728651162
32,5.48086351942
34,4.6391519911
36,4.11395956894
41,3.24764250452
46,2.84822639427
51,3.09025064488
61,3.16794380047
71,3.05385404605
91,2.0282726388
111,1.61191883745
131,1.5360804857
151,1.29210162939
171,1.29210162939
191,1.29210162939
